chan, spacecraft, method   , pw_P , pw_R , pw_F1, pa_P , pa_R , pa_F1, pa_FPR, pw_tp, pw_fp, pw_fn, pw_tn, pa_tp, pa_fp, pa_fn, pa_tn
P-1 , SMAP      , KSVD-ADMM, 0.114, 0.201, 0.146, 0.303, 0.679, 0.419, 0.1511,   151,  1172,   600,  6582,   510,  1172,   241,  6582
P-1 , SMAP      , PCA      , 0.86 , 0.138, 0.239, 0.968, 0.679, 0.798, 0.0022,   104,    17,   647,  7737,   510,    17,   241,  7737
S-1 , SMAP      , KSVD-ADMM, 1.0  , 0.77 , 0.87 , 1.0  , 1.0  , 1.0  , 0.0   ,   345,     0,   103,  6883,   448,     0,     0,  6883
S-1 , SMAP      , PCA      , 1.0  , 0.779, 0.876, 1.0  , 1.0  , 1.0  , 0.0   ,   349,     0,    99,  6883,   448,     0,     0,  6883
E-1 , SMAP      , KSVD-ADMM, 0.113, 0.118, 0.116, 0.504, 0.939, 0.656, 0.0586,    60,   469,   448,  7539,   477,   469,    31,  7539
E-1 , SMAP      , PCA      , 0.017, 0.033, 0.022, 0.322, 0.939, 0.479, 0.1255,    17,  1005,   491,  7003,   477,  1005,    31,  7003
E-2 , SMAP      , KSVD-ADMM, 1.0  , 0.087, 0.159, 1.0  , 1.0  , 1.0  , 0.0   ,   121,     0,  1277,  7134,  1398,     0,     0,  7134
E-2 , SMAP      , PCA      , 0.592, 0.062, 0.113, 0.959, 1.0  , 0.979, 0.0084,    87,    60,  1311,  7074,  1398,    60,     0,  7074
E-3 , SMAP      , KSVD-ADMM, 1.0  , 0.035, 0.069, 1.0  , 1.0  , 1.0  , 0.0   ,   114,     0,  3099,  5094,  3213,     0,     0,  5094
E-3 , SMAP      , PCA      , 1.0  , 0.039, 0.074, 1.0  , 1.0  , 1.0  , 0.0   ,   124,     0,  3089,  5094,  3213,     0,     0,  5094
E-4 , SMAP      , KSVD-ADMM, 1.0  , 0.045, 0.086, 1.0  , 1.0  , 1.0  , 0.0   ,   127,     0,  2685,  5542,  2812,     0,     0,  5542
E-4 , SMAP      , PCA      , 1.0  , 0.021, 0.042, 1.0  , 1.0  , 1.0  , 0.0   ,    60,     0,  2752,  5542,  2812,     0,     0,  5542
E-5 , SMAP      , KSVD-ADMM, 0.672, 0.134, 0.223, 0.939, 1.0  , 0.968, 0.0026,    43,    21,   278,  7952,   321,    21,     0,  7952
E-5 , SMAP      , PCA      , 0.45 , 0.084, 0.142, 0.907, 1.0  , 0.951, 0.0041,    27,    33,   294,  7940,   321,    33,     0,  7940
E-6 , SMAP      , KSVD-ADMM, 0.62 , 0.864, 0.722, 0.653, 1.0  , 0.79 , 0.0043,    57,    35,     9,  8199,    66,    35,     0,  8199
E-6 , SMAP      , PCA      , 0.615, 0.894, 0.728, 0.641, 1.0  , 0.781, 0.0045,    59,    37,     7,  8197,    66,    37,     0,  8197
E-7 , SMAP      , KSVD-ADMM, 1.0  , 0.922, 0.959, 1.0  , 1.0  , 1.0  , 0.0   ,   259,     0,    22,  8029,   281,     0,     0,  8029
E-7 , SMAP      , PCA      , 1.0  , 0.979, 0.989, 1.0  , 1.0  , 1.0  , 0.0   ,   275,     0,     6,  8029,   281,     0,     0,  8029
E-8 , SMAP      , KSVD-ADMM, 0.0  , 0.0  , 0.0  , 0.0  , 0.0  , 0.0  , 0.0   ,     0,     0,   623,  7909,     0,     0,   623,  7909
E-8 , SMAP      , PCA      , 0.124, 0.096, 0.108, 0.594, 1.0  , 0.746, 0.0537,    60,   425,   563,  7484,   623,   425,     0,  7484
E-9 , SMAP      , KSVD-ADMM, 1.0  , 0.33 , 0.497, 1.0  , 1.0  , 1.0  , 0.0   ,   116,     0,   235,  7951,   351,     0,     0,  7951
E-9 , SMAP      , PCA      , 1.0  , 0.348, 0.516, 1.0  , 1.0  , 1.0  , 0.0   ,   122,     0,   229,  7951,   351,     0,     0,  7951
E-10, SMAP      , KSVD-ADMM, 1.0  , 0.255, 0.406, 1.0  , 0.842, 0.914, 0.0   ,    82,     0,   240,  8183,   271,     0,    51,  8183
E-10, SMAP      , PCA      , 0.195, 0.186, 0.191, 0.523, 0.842, 0.645, 0.0302,    60,   247,   262,  7936,   271,   247,    51,  7936
E-11, SMAP      , KSVD-ADMM, 1.0  , 0.214, 0.352, 1.0  , 0.827, 0.905, 0.0   ,    63,     0,   232,  8219,   244,     0,    51,  8219
E-11, SMAP      , PCA      , 0.067, 0.241, 0.105, 0.198, 0.827, 0.32 , 0.1201,    71,   987,   224,  7232,   244,   987,    51,  7232
E-12, SMAP      , KSVD-ADMM, 0.132, 0.031, 0.05 , 0.818, 0.913, 0.863, 0.0149,    18,   118,   565,  7811,   532,   118,    51,  7811
E-12, SMAP      , PCA      , 0.283, 0.029, 0.053, 0.925, 0.913, 0.919, 0.0054,    17,    43,   566,  7886,   532,    43,    51,  7886
E-13, SMAP      , KSVD-ADMM, 0.658, 0.299, 0.411, 0.798, 0.614, 0.694, 0.0049,    79,    41,   185,  8335,   162,    41,   102,  8335
E-13, SMAP      , PCA      , 0.332, 0.356, 0.344, 0.541, 0.845, 0.66 , 0.0226,    94,   189,   170,  8187,   223,   189,    41,  8187
A-1 , SMAP      , KSVD-ADMM, 0.706, 0.988, 0.824, 0.708, 1.0  , 0.829, 0.0041,    84,    35,     1,  8520,    85,    35,     0,  8520
A-1 , SMAP      , PCA      , 0.771, 0.988, 0.866, 0.773, 1.0  , 0.872, 0.0029,    84,    25,     1,  8530,    85,    25,     0,  8530
D-1 , SMAP      , KSVD-ADMM, 1.0  , 0.779, 0.876, 1.0  , 1.0  , 1.0  , 0.0   ,  2538,     0,   721,  5250,  3259,     0,     0,  5250
D-1 , SMAP      , PCA      , 1.0  , 0.038, 0.073, 1.0  , 1.0  , 1.0  , 0.0   ,   124,     0,  3135,  5250,  3259,     0,     0,  5250
P-2 , SMAP      , KSVD-ADMM, 1.0  , 0.983, 0.991, 1.0  , 1.0  , 1.0  , 0.0   ,  1102,     0,    19,  7088,  1121,     0,     0,  7088
P-2 , SMAP      , PCA      , 1.0  , 0.98 , 0.99 , 1.0  , 1.0  , 1.0  , 0.0   ,  1099,     0,    22,  7088,  1121,     0,     0,  7088
P-3 , SMAP      , KSVD-ADMM, 1.0  , 0.82 , 0.901, 1.0  , 1.0  , 1.0  , 0.0   ,  1095,     0,   241,  7157,  1336,     0,     0,  7157
P-3 , SMAP      , PCA      , 1.0  , 0.823, 0.903, 1.0  , 1.0  , 1.0  , 0.0   ,  1099,     0,   237,  7157,  1336,     0,     0,  7157
D-2 , SMAP      , KSVD-ADMM, 1.0  , 0.922, 0.959, 1.0  , 1.0  , 1.0  , 0.0   ,  3889,     0,   329,  4377,  4218,     0,     0,  4377
D-2 , SMAP      , PCA      , 1.0  , 0.924, 0.961, 1.0  , 1.0  , 1.0  , 0.0   ,  3899,     0,   319,  4377,  4218,     0,     0,  4377
D-3 , SMAP      , KSVD-ADMM, 1.0  , 0.403, 0.574, 1.0  , 1.0  , 1.0  , 0.0   ,  1320,     0,  1956,  5364,  3276,     0,     0,  5364
D-3 , SMAP      , PCA      , 1.0  , 0.321, 0.486, 1.0  , 1.0  , 1.0  , 0.0   ,  1051,     0,  2225,  5364,  3276,     0,     0,  5364
D-4 , SMAP      , KSVD-ADMM, 1.0  , 0.925, 0.961, 1.0  , 1.0  , 1.0  , 0.0   ,  3004,     0,   244,  5225,  3248,     0,     0,  5225
D-4 , SMAP      , PCA      , 1.0  , 0.019, 0.037, 1.0  , 1.0  , 1.0  , 0.0   ,    61,     0,  3187,  5225,  3248,     0,     0,  5225
A-2 , SMAP      , KSVD-ADMM, 0.721, 0.396, 0.512, 0.867, 1.0  , 0.929, 0.0022,    44,    17,    67,  7786,   111,    17,     0,  7786
A-2 , SMAP      , PCA      , 0.267, 0.144, 0.187, 0.716, 1.0  , 0.835, 0.0056,    16,    44,    95,  7759,   111,    44,     0,  7759
A-3 , SMAP      , KSVD-ADMM, 1.0  , 0.376, 0.547, 1.0  , 1.0  , 1.0  , 0.0   ,    70,     0,   116,  8019,   186,     0,     0,  8019
A-3 , SMAP      , PCA      , 1.0  , 0.645, 0.784, 1.0  , 1.0  , 1.0  , 0.0   ,   120,     0,    66,  8019,   186,     0,     0,  8019
A-4 , SMAP      , KSVD-ADMM, 0.439, 0.261, 0.328, 0.75 , 1.0  , 0.857, 0.0046,    29,    37,    82,  7932,   111,    37,     0,  7932
A-4 , SMAP      , PCA      , 0.507, 0.333, 0.402, 0.755, 1.0  , 0.86 , 0.0045,    37,    36,    74,  7933,   111,    36,     0,  7933
G-1 , SMAP      , KSVD-ADMM, 0.0  , 0.0  , 0.0  , 0.0  , 0.0  , 0.0  , 0.0   ,     0,     0,   121,  8348,     0,     0,   121,  8348
G-1 , SMAP      , PCA      , 0.002, 0.025, 0.004, 0.08 , 1.0  , 0.148, 0.1673,     3,  1397,   118,  6951,   121,  1397,     0,  6951
G-2 , SMAP      , KSVD-ADMM, 0.345, 1.0  , 0.512, 0.345, 1.0  , 0.512, 0.0107,    41,    78,     0,  7242,    41,    78,     0,  7242
G-2 , SMAP      , PCA      , 0.376, 1.0  , 0.547, 0.376, 1.0  , 0.547, 0.0093,    41,    68,     0,  7252,    41,    68,     0,  7252
D-5 , SMAP      , KSVD-ADMM, 0.646, 1.0  , 0.785, 0.646, 1.0  , 0.785, 0.0037,    51,    28,     0,  7549,    51,    28,     0,  7549
D-5 , SMAP      , PCA      , 0.35 , 0.412, 0.378, 0.567, 1.0  , 0.723, 0.0051,    21,    39,    30,  7538,    51,    39,     0,  7538
D-6 , SMAP      , KSVD-ADMM, 0.874, 0.938, 0.905, 0.88 , 1.0  , 0.936, 0.0014,    76,    11,     5,  7792,    81,    11,     0,  7792
D-6 , SMAP      , PCA      , 0.92 , 0.852, 0.885, 0.931, 1.0  , 0.964, 0.0008,    69,     6,    12,  7797,    81,     6,     0,  7797
D-7 , SMAP      , KSVD-ADMM, 1.0  , 0.986, 0.993, 1.0  , 1.0  , 1.0  , 0.0   ,  2663,     0,    39,  4940,  2702,     0,     0,  4940
D-7 , SMAP      , PCA      , 1.0  , 0.986, 0.993, 1.0  , 1.0  , 1.0  , 0.0   ,  2663,     0,    39,  4940,  2702,     0,     0,  4940
F-1 , SMAP      , KSVD-ADMM, 0.025, 0.505, 0.048, 0.049, 1.0  , 0.094, 0.2306,    51,  1956,    50,  6527,   101,  1956,     0,  6527
F-1 , SMAP      , PCA      , 0.035, 0.594, 0.066, 0.058, 1.0  , 0.109, 0.194 ,    60,  1646,    41,  6837,   101,  1646,     0,  6837
P-4 , SMAP      , KSVD-ADMM, 0.849, 0.937, 0.891, 0.857, 1.0  , 0.923, 0.0101,   415,    74,    28,  7266,   443,    74,     0,  7266
P-4 , SMAP      , PCA      , 0.882, 0.914, 0.898, 0.891, 1.0  , 0.943, 0.0074,   405,    54,    38,  7286,   443,    54,     0,  7286
G-3 , SMAP      , KSVD-ADMM, 0.436, 1.0  , 0.607, 0.436, 1.0  , 0.607, 0.0084,    51,    66,     0,  7790,    51,    66,     0,  7790
G-3 , SMAP      , PCA      , 0.451, 1.0  , 0.622, 0.451, 1.0  , 0.622, 0.0079,    51,    62,     0,  7794,    51,    62,     0,  7794
T-1 , SMAP      , KSVD-ADMM, 0.6  , 0.023, 0.045, 0.6  , 0.023, 0.045, 0.0034,    36,    24,  1500,  7052,    36,    24,  1500,  7052
T-1 , SMAP      , PCA      , 0.851, 0.306, 0.45 , 0.949, 1.0  , 0.974, 0.0116,   470,    82,  1066,  6994,  1536,    82,     0,  6994
T-2 , SMAP      , KSVD-ADMM, 0.0  , 0.0  , 0.0  , 0.0  , 0.0  , 0.0  , 0.0   ,     0,     0,  1785,  6840,     0,     0,  1785,  6840
T-2 , SMAP      , PCA      , 1.0  , 0.504, 0.67 , 1.0  , 1.0  , 1.0  , 0.0   ,   899,     0,   886,  6840,  1785,     0,     0,  6840
D-8 , SMAP      , KSVD-ADMM, 0.429, 1.0  , 0.6  , 0.429, 1.0  , 0.6  , 0.0087,    51,    68,     0,  7755,    51,    68,     0,  7755
D-8 , SMAP      , PCA      , 0.468, 1.0  , 0.637, 0.468, 1.0  , 0.637, 0.0074,    51,    58,     0,  7765,    51,    58,     0,  7765
D-9 , SMAP      , KSVD-ADMM, 1.0  , 0.858, 0.924, 1.0  , 1.0  , 1.0  , 0.0   ,   992,     0,   164,  6250,  1156,     0,     0,  6250
D-9 , SMAP      , PCA      , 1.0  , 0.858, 0.924, 1.0  , 1.0  , 1.0  , 0.0   ,   992,     0,   164,  6250,  1156,     0,     0,  6250
F-2 , SMAP      , KSVD-ADMM, 1.0  , 0.243, 0.392, 1.0  , 1.0  , 1.0  , 0.0   ,   720,     0,  2237,  5669,  2957,     0,     0,  5669
F-2 , SMAP      , PCA      , 1.0  , 0.108, 0.195, 1.0  , 1.0  , 1.0  , 0.0   ,   320,     0,  2637,  5669,  2957,     0,     0,  5669
G-4 , SMAP      , KSVD-ADMM, 0.477, 1.0  , 0.646, 0.477, 1.0  , 0.646, 0.0045,    31,    34,     0,  7567,    31,    34,     0,  7567
G-4 , SMAP      , PCA      , 0.279, 1.0  , 0.437, 0.279, 1.0  , 0.437, 0.0105,    31,    80,     0,  7521,    31,    80,     0,  7521
T-3 , SMAP      , KSVD-ADMM, 0.773, 1.0  , 0.872, 0.773, 1.0  , 0.872, 0.0064,   184,    54,     0,  8341,   184,    54,     0,  8341
T-3 , SMAP      , PCA      , 0.801, 0.984, 0.883, 0.803, 1.0  , 0.891, 0.0054,   181,    45,     3,  8350,   184,    45,     0,  8350
D-11, SMAP      , KSVD-ADMM, 0.828, 0.869, 0.848, 0.847, 1.0  , 0.917, 0.0015,    53,    11,     8,  7359,    61,    11,     0,  7359
D-11, SMAP      , PCA      , 0.526, 1.0  , 0.689, 0.526, 1.0  , 0.689, 0.0075,    61,    55,     0,  7315,    61,    55,     0,  7315
D-12, SMAP      , KSVD-ADMM, 1.0  , 0.962, 0.981, 1.0  , 1.0  , 1.0  , 0.0   ,  2637,     0,   103,  5178,  2740,     0,     0,  5178
D-12, SMAP      , PCA      , 1.0  , 0.962, 0.981, 1.0  , 1.0  , 1.0  , 0.0   ,  2637,     0,   103,  5178,  2740,     0,     0,  5178
B-1 , SMAP      , KSVD-ADMM, 0.024, 1.0  , 0.046, 0.024, 1.0  , 0.046, 0.3654,    71,  2913,     0,  5060,    71,  2913,     0,  5060
B-1 , SMAP      , PCA      , 0.024, 1.0  , 0.046, 0.024, 1.0  , 0.046, 0.3654,    71,  2913,     0,  5060,    71,  2913,     0,  5060
G-6 , SMAP      , KSVD-ADMM, 0.99 , 0.95 , 0.97 , 0.99 , 1.0  , 0.995, 0.0001,    96,     1,     5,  8538,   101,     1,     0,  8538
G-6 , SMAP      , PCA      , 0.852, 0.515, 0.642, 0.918, 1.0  , 0.957, 0.0011,    52,     9,    49,  8530,   101,     9,     0,  8530
G-7 , SMAP      , KSVD-ADMM, 0.876, 0.896, 0.886, 0.887, 1.0  , 0.94 , 0.0044,   240,    34,    28,  7727,   268,    34,     0,  7727
G-7 , SMAP      , PCA      , 0.838, 0.657, 0.736, 0.887, 1.0  , 0.94 , 0.0044,   176,    34,    92,  7727,   268,    34,     0,  7727
P-7 , SMAP      , KSVD-ADMM, 1.0  , 0.455, 0.626, 1.0  , 1.0  , 1.0  , 0.0   ,   752,     0,   899,  6420,  1651,     0,     0,  6420
P-7 , SMAP      , PCA      , 1.0  , 0.826, 0.905, 1.0  , 1.0  , 1.0  , 0.0   ,  1364,     0,   287,  6420,  1651,     0,     0,  6420
R-1 , SMAP      , KSVD-ADMM, 0.681, 1.0  , 0.81 , 0.681, 1.0  , 0.81 , 0.0053,    81,    38,     0,  7125,    81,    38,     0,  7125
R-1 , SMAP      , PCA      , 0.743, 1.0  , 0.853, 0.743, 1.0  , 0.853, 0.0039,    81,    28,     0,  7135,    81,    28,     0,  7135
A-5 , SMAP      , KSVD-ADMM, 0.65 , 0.765, 0.703, 0.708, 1.0  , 0.829, 0.0045,    39,    21,    12,  4621,    51,    21,     0,  4621
A-5 , SMAP      , PCA      , 0.758, 0.922, 0.832, 0.773, 1.0  , 0.872, 0.0032,    47,    15,     4,  4627,    51,    15,     0,  4627
A-6 , SMAP      , KSVD-ADMM, 0.672, 1.0  , 0.804, 0.672, 1.0  , 0.804, 0.0045,    41,    20,     0,  4392,    41,    20,     0,  4392
A-6 , SMAP      , PCA      , 0.594, 0.927, 0.724, 0.612, 1.0  , 0.759, 0.0059,    38,    26,     3,  4386,    41,    26,     0,  4386
A-7 , SMAP      , KSVD-ADMM, 0.034, 0.025, 0.029, 0.583, 1.0  , 0.737, 0.2756,    61,  1717,  2340,  4513,  2401,  1717,     0,  4513
A-7 , SMAP      , PCA      , 0.0  , 0.0  , 0.0  , 0.0  , 0.0  , 0.0  , 0.688 ,     0,  4286,  2401,  1944,     0,  4286,  2401,  1944
D-13, SMAP      , KSVD-ADMM, 0.062, 1.0  , 0.117, 0.062, 1.0  , 0.117, 0.3242,   161,  2432,     0,  5070,   161,  2432,     0,  5070
D-13, SMAP      , PCA      , 0.061, 0.981, 0.115, 0.062, 1.0  , 0.117, 0.3242,   158,  2432,     3,  5070,   161,  2432,     0,  5070
A-8 , SMAP      , KSVD-ADMM, 0.0  , 0.0  , 0.0  , 0.0  , 0.0  , 0.0  , 0.0   ,     0,     0,  3806,  4569,     0,     0,  3806,  4569
A-8 , SMAP      , PCA      , 0.12 , 0.002, 0.005, 0.983, 1.0  , 0.991, 0.0144,     9,    66,  3797,  4503,  3806,    66,     0,  4503
A-9 , SMAP      , KSVD-ADMM, 0.0  , 0.0  , 0.0  , 0.0  , 0.0  , 0.0  , 0.0   ,     0,     0,  3865,  4569,     0,     0,  3865,  4569
A-9 , SMAP      , PCA      , 1.0  , 0.132, 0.233, 1.0  , 1.0  , 1.0  , 0.0   ,   509,     0,  3356,  4569,  3865,     0,     0,  4569
F-3 , SMAP      , KSVD-ADMM, 0.0  , 0.0  , 0.0  , 0.0  , 0.0  , 0.0  , 0.0   ,     0,     0,    41,  8335,     0,     0,    41,  8335
F-3 , SMAP      , PCA      , 0.451, 1.0  , 0.621, 0.451, 1.0  , 0.621, 0.006 ,    41,    50,     0,  8285,    41,    50,     0,  8285
M-6 , MSL       , KSVD-ADMM, 0.909, 0.994, 0.95 , 0.91 , 1.0  , 0.953, 0.0096,   180,    18,     1,  1850,   181,    18,     0,  1850
M-6 , MSL       , PCA      , 1.0  , 0.343, 0.51 , 1.0  , 1.0  , 1.0  , 0.0   ,    62,     0,   119,  1868,   181,     0,     0,  1868
M-1 , MSL       , KSVD-ADMM, 0.007, 0.002, 0.003, 0.79 , 1.0  , 0.882, 0.2676,     2,   304,  1139,   832,  1141,   304,     0,   832
M-1 , MSL       , PCA      , 0.003, 0.002, 0.002, 0.647, 1.0  , 0.786, 0.5484,     2,   623,  1139,   513,  1141,   623,     0,   513
M-2 , MSL       , KSVD-ADMM, 1.0  , 0.979, 0.989, 1.0  , 1.0  , 1.0  , 0.0   ,  1117,     0,    24,  1136,  1141,     0,     0,  1136
M-2 , MSL       , PCA      , 1.0  , 0.635, 0.776, 1.0  , 1.0  , 1.0  , 0.0   ,   724,     0,   417,  1136,  1141,     0,     0,  1136
S-2 , MSL       , KSVD-ADMM, 0.094, 1.0  , 0.172, 0.094, 1.0  , 0.172, 0.0584,    11,   106,     0,  1710,    11,   106,     0,  1710
S-2 , MSL       , PCA      , 0.103, 1.0  , 0.186, 0.103, 1.0  , 0.186, 0.0529,    11,    96,     0,  1720,    11,    96,     0,  1720
P-10, MSL       , KSVD-ADMM, 0.317, 0.252, 0.281, 0.649, 1.0  , 0.787, 0.0119,    33,    71,    98,  5898,   131,    71,     0,  5898
P-10, MSL       , PCA      , 1.0  , 0.557, 0.716, 1.0  , 1.0  , 1.0  , 0.0   ,    73,     0,    58,  5969,   131,     0,     0,  5969
T-4 , MSL       , KSVD-ADMM, 0.178, 1.0  , 0.303, 0.178, 1.0  , 0.303, 0.148 ,    69,   318,     0,  1830,    69,   318,     0,  1830
T-4 , MSL       , PCA      , 0.104, 0.696, 0.181, 0.143, 1.0  , 0.25 , 0.1927,    48,   414,    21,  1734,    69,   414,     0,  1734
T-5 , MSL       , KSVD-ADMM, 0.226, 1.0  , 0.369, 0.226, 1.0  , 0.369, 0.0406,    26,    89,     0,  2103,    26,    89,     0,  2103
T-5 , MSL       , PCA      , 0.248, 1.0  , 0.397, 0.248, 1.0  , 0.397, 0.036 ,    26,    79,     0,  2113,    26,    79,     0,  2113
F-7 , MSL       , KSVD-ADMM, 0.212, 0.355, 0.266, 0.432, 1.0  , 0.603, 0.1201,   150,   556,   273,  4075,   423,   556,     0,  4075
F-7 , MSL       , PCA      , 0.134, 0.234, 0.171, 0.335, 0.761, 0.465, 0.138 ,    99,   639,   324,  3992,   322,   639,   101,  3992
M-3 , MSL       , KSVD-ADMM, 0.143, 0.454, 0.218, 0.269, 1.0  , 0.424, 0.3641,   114,   683,   137,  1193,   251,   683,     0,  1193
M-3 , MSL       , PCA      , 0.5  , 0.239, 0.323, 0.807, 1.0  , 0.893, 0.032 ,    60,    60,   191,  1816,   251,    60,     0,  1816
M-4 , MSL       , KSVD-ADMM, 0.215, 0.135, 0.166, 0.669, 1.0  , 0.802, 0.0694,    34,   124,   217,  1663,   251,   124,     0,  1663
M-4 , MSL       , PCA      , 0.026, 0.024, 0.025, 0.524, 1.0  , 0.688, 0.1276,     6,   228,   245,  1559,   251,   228,     0,  1559
M-5 , MSL       , KSVD-ADMM, 0.073, 0.199, 0.107, 0.284, 1.0  , 0.442, 0.3791,    60,   759,   241,  1243,   301,   759,     0,  1243
M-5 , MSL       , PCA      , 0.319, 0.199, 0.245, 0.702, 1.0  , 0.825, 0.0639,    60,   128,   241,  1874,   301,   128,     0,  1874
P-15, MSL       , KSVD-ADMM, 0.198, 1.0  , 0.331, 0.198, 1.0  , 0.331, 0.03  ,    21,    85,     0,  2750,    21,    85,     0,  2750
P-15, MSL       , PCA      , 0.181, 1.0  , 0.307, 0.181, 1.0  , 0.307, 0.0335,    21,    95,     0,  2740,    21,    95,     0,  2740
C-1 , MSL       , KSVD-ADMM, 0.746, 0.837, 0.789, 0.778, 1.0  , 0.875, 0.0456,   261,    89,    51,  1863,   312,    89,     0,  1863
C-1 , MSL       , PCA      , 0.803, 0.157, 0.263, 0.944, 0.644, 0.766, 0.0061,    49,    12,   263,  1940,   201,    12,   111,  1940
C-2 , MSL       , KSVD-ADMM, 1.0  , 0.62 , 0.766, 1.0  , 0.737, 0.849, 0.0   ,    85,     0,    52,  1914,   101,     0,    36,  1914
C-2 , MSL       , PCA      , 1.0  , 0.577, 0.731, 1.0  , 0.737, 0.849, 0.0   ,    79,     0,    58,  1914,   101,     0,    36,  1914
T-12, MSL       , KSVD-ADMM, 1.0  , 0.612, 0.759, 1.0  , 1.0  , 1.0  , 0.0   ,    74,     0,    47,  2309,   121,     0,     0,  2309
T-12, MSL       , PCA      , 0.617, 0.306, 0.409, 0.84 , 1.0  , 0.913, 0.01  ,    37,    23,    84,  2286,   121,    23,     0,  2286
T-13, MSL       , KSVD-ADMM, 0.0  , 0.0  , 0.0  , 0.0  , 0.0  , 0.0  , 0.0   ,     0,     0,   252,  2178,     0,     0,   252,  2178
T-13, MSL       , PCA      , 0.946, 0.488, 0.644, 0.973, 1.0  , 0.986, 0.0032,   123,     7,   129,  2171,   252,     7,     0,  2171
F-4 , MSL       , KSVD-ADMM, 0.081, 0.282, 0.126, 0.238, 1.0  , 0.385, 0.0677,    20,   227,    51,  3124,    71,   227,     0,  3124
F-4 , MSL       , PCA      , 0.036, 0.239, 0.063, 0.135, 1.0  , 0.238, 0.1358,    17,   455,    54,  2896,    71,   455,     0,  2896
F-5 , MSL       , KSVD-ADMM, 1.0  , 0.424, 0.595, 1.0  , 1.0  , 1.0  , 0.0   ,    64,     0,    87,  3771,   151,     0,     0,  3771
F-5 , MSL       , PCA      , 0.845, 0.649, 0.734, 0.893, 1.0  , 0.944, 0.0048,    98,    18,    53,  3753,   151,    18,     0,  3753
D-14, MSL       , KSVD-ADMM, 1.0  , 0.887, 0.94 , 1.0  , 0.905, 0.95 , 0.0   ,   197,     0,    25,  2403,   201,     0,    21,  2403
D-14, MSL       , PCA      , 1.0  , 0.869, 0.93 , 1.0  , 0.905, 0.95 , 0.0   ,   193,     0,    29,  2403,   201,     0,    21,  2403
T-9 , MSL       , KSVD-ADMM, 1.0  , 0.661, 0.796, 1.0  , 0.723, 0.839, 0.0   ,    74,     0,    38,   984,    81,     0,    31,   984
T-9 , MSL       , PCA      , 0.974, 0.661, 0.787, 0.976, 0.723, 0.831, 0.002 ,    74,     2,    38,   982,    81,     2,    31,   982
P-14, MSL       , KSVD-ADMM, 0.676, 0.403, 0.505, 0.838, 1.0  , 0.912, 0.0059,    73,    35,   108,  5884,   181,    35,     0,  5884
P-14, MSL       , PCA      , 1.0  , 0.448, 0.618, 1.0  , 1.0  , 1.0  , 0.0   ,    81,     0,   100,  5919,   181,     0,     0,  5919
T-8 , MSL       , KSVD-ADMM, 0.65 , 0.912, 0.759, 0.671, 1.0  , 0.803, 0.0353,    93,    50,     9,  1367,   102,    50,     0,  1367
T-8 , MSL       , PCA      , 0.627, 0.971, 0.762, 0.634, 1.0  , 0.776, 0.0416,    99,    59,     3,  1358,   102,    59,     0,  1358
P-11, MSL       , KSVD-ADMM, 0.56 , 0.794, 0.657, 0.616, 1.0  , 0.763, 0.0429,   181,   142,    47,  3165,   228,   142,     0,  3165
P-11, MSL       , PCA      , 0.528, 0.693, 0.6  , 0.618, 1.0  , 0.764, 0.0426,   158,   141,    70,  3166,   228,   141,     0,  3166
D-15, MSL       , KSVD-ADMM, 1.0  , 0.094, 0.171, 1.0  , 1.0  , 1.0  , 0.0   ,    60,     0,   581,  1517,   641,     0,     0,  1517
D-15, MSL       , PCA      , 0.903, 0.175, 0.293, 0.982, 1.0  , 0.991, 0.0079,   112,    12,   529,  1505,   641,    12,     0,  1505
D-16, MSL       , KSVD-ADMM, 1.0  , 0.339, 0.507, 1.0  , 1.0  , 1.0  , 0.0   ,   221,     0,   430,  1540,   651,     0,     0,  1540
D-16, MSL       , PCA      , 1.0  , 0.343, 0.51 , 1.0  , 1.0  , 1.0  , 0.0   ,   223,     0,   428,  1540,   651,     0,     0,  1540
M-7 , MSL       , KSVD-ADMM, 1.0  , 0.98 , 0.99 , 1.0  , 1.0  , 1.0  , 0.0   ,    99,     0,     2,  2055,   101,     0,     0,  2055
M-7 , MSL       , PCA      , 0.8  , 0.832, 0.816, 0.828, 1.0  , 0.906, 0.0102,    84,    21,    17,  2034,   101,    21,     0,  2034
F-8 , MSL       , KSVD-ADMM, 1.0  , 0.128, 0.228, 1.0  , 1.0  , 1.0  , 0.0   ,    69,     0,   468,  1950,   537,     0,     0,  1950
F-8 , MSL       , PCA      , 1.0  , 0.143, 0.251, 1.0  , 1.0  , 1.0  , 0.0   ,    77,     0,   460,  1950,   537,     0,     0,  1950
