subset,threshold,pw_P,pw_R,pw_F1,pa_P,pa_R,pa_F1,pa_FPR
ALL,constant-oracle,0.647,0.437,0.522,0.771,0.802,0.786,0.034
ALL,CFAR-swept,0.54,0.418,0.471,0.69,0.794,0.738,0.0508
ALL,CFAR-fixed,0.473,0.135,0.21,0.724,0.395,0.511,0.0215
ALL,EWMA-plain,0.455,0.244,0.318,0.64,0.52,0.574,0.0417
ALL,EWMA-period,0.53,0.273,0.361,0.733,0.665,0.697,0.0346
SMAP,constant-oracle,0.679,0.437,0.532,0.791,0.78,0.785,0.0303
SMAP,CFAR-swept,0.607,0.427,0.501,0.738,0.78,0.759,0.0407
SMAP,CFAR-fixed,0.584,0.135,0.219,0.813,0.418,0.553,0.0141
SMAP,EWMA-plain,0.554,0.202,0.296,0.749,0.486,0.589,0.0239
SMAP,EWMA-period,0.633,0.254,0.363,0.809,0.626,0.706,0.0217
MSL,constant-oracle,0.481,0.436,0.458,0.67,0.956,0.788,0.0554
MSL,CFAR-swept,0.277,0.354,0.311,0.49,0.889,0.632,0.1091
MSL,CFAR-fixed,0.2,0.136,0.162,0.295,0.228,0.258,0.0642
MSL,EWMA-plain,0.31,0.548,0.396,0.386,0.769,0.514,0.1438
MSL,EWMA-period,0.308,0.411,0.352,0.505,0.943,0.658,0.1088
