chan,spacecraft,period,constant-oracle_pa_F1,CFAR-swept_pa_F1,CFAR-fixed_pa_F1,EWMA-plain_pa_F1,EWMA-period_pa_F1,constant-oracle_pw_F1,CFAR-swept_pw_F1,CFAR-fixed_pw_F1,EWMA-plain_pw_F1,EWMA-period_pw_F1
P-1,SMAP,98,0.419,0.419,0.0,0.801,0.874,0.146,0.146,0.0,0.088,0.457
S-1,SMAP,5,1.0,1.0,1.0,1.0,1.0,0.87,0.87,0.87,0.306,0.141
E-1,SMAP,5,0.656,0.632,0.0,0.969,0.969,0.116,0.16,0.0,0.351,0.437
E-2,SMAP,5,1.0,1.0,1.0,1.0,1.0,0.159,0.159,0.158,0.159,0.159
E-3,SMAP,5,1.0,1.0,1.0,1.0,1.0,0.069,0.069,0.067,0.069,0.069
E-4,SMAP,5,1.0,1.0,1.0,1.0,1.0,0.086,0.086,0.084,0.086,0.086
E-5,SMAP,5,0.968,0.968,0.94,0.94,0.94,0.223,0.223,0.324,0.336,0.336
E-6,SMAP,97,0.79,0.673,0.673,0.673,0.673,0.722,0.673,0.673,0.673,0.673
E-7,SMAP,5,1.0,0.956,0.956,0.956,0.966,0.959,0.956,0.956,0.956,0.856
E-8,SMAP,5,0.0,0.0,0.0,0.0,0.0,0.0,0.0,0.0,0.0,0.0
E-9,SMAP,5,1.0,1.0,1.0,1.0,1.0,0.497,0.497,0.481,0.497,0.497
E-10,SMAP,5,0.914,0.914,0.0,0.887,0.908,0.406,0.406,0.0,0.517,0.506
E-11,SMAP,5,0.905,0.905,0.905,0.864,0.906,0.352,0.352,0.343,0.481,0.385
E-12,SMAP,5,0.863,0.86,0.0,0.905,0.954,0.05,0.05,0.0,0.415,0.313
E-13,SMAP,98,0.694,0.692,0.0,0.209,0.587,0.411,0.415,0.0,0.172,0.027
A-1,SMAP,5,0.829,0.829,0.829,0.829,0.829,0.824,0.824,0.824,0.824,0.824
D-1,SMAP,5,1.0,1.0,1.0,1.0,1.0,0.876,0.887,0.07,0.952,0.952
P-2,SMAP,96,1.0,0.987,0.987,0.987,0.987,0.991,0.987,0.987,0.987,0.987
P-3,SMAP,5,1.0,1.0,0.0,0.984,0.997,0.901,0.895,0.0,0.242,0.051
D-2,SMAP,5,1.0,1.0,0.0,0.0,1.0,0.959,0.958,0.0,0.0,0.713
D-3,SMAP,5,1.0,1.0,1.0,1.0,1.0,0.574,0.522,0.086,0.482,0.63
D-4,SMAP,5,1.0,1.0,0.0,0.0,0.0,0.961,0.891,0.0,0.0,0.0
A-2,SMAP,91,0.929,0.929,0.725,0.835,0.587,0.512,0.503,0.617,0.51,0.572
A-3,SMAP,5,1.0,1.0,0.932,0.921,0.921,0.547,0.547,0.839,0.921,0.921
A-4,SMAP,5,0.857,0.857,0.714,0.246,0.539,0.328,0.328,0.714,0.246,0.26
G-1,SMAP,5,0.0,0.0,0.0,0.0,0.0,0.0,0.0,0.0,0.0,0.0
G-2,SMAP,5,0.512,0.512,0.512,0.512,0.512,0.512,0.512,0.512,0.512,0.512
D-5,SMAP,5,0.785,0.59,0.59,0.59,0.887,0.785,0.59,0.59,0.59,0.27
D-6,SMAP,5,0.936,0.936,0.827,0.814,0.814,0.905,0.898,0.827,0.814,0.814
D-7,SMAP,5,1.0,1.0,0.0,0.0,0.0,0.993,0.906,0.0,0.0,0.0
F-1,SMAP,10,0.094,0.087,0.0,0.918,0.61,0.048,0.065,0.0,0.169,0.091
P-4,SMAP,5,0.923,0.923,0.847,0.914,0.914,0.891,0.891,0.576,0.886,0.886
G-3,SMAP,5,0.607,0.607,0.6,0.6,0.6,0.607,0.607,0.6,0.6,0.6
T-1,SMAP,98,0.045,0.045,0.044,0.044,0.044,0.045,0.045,0.044,0.044,0.044
T-2,SMAP,98,0.0,0.0,0.0,0.0,0.0,0.0,0.0,0.0,0.0,0.0
D-8,SMAP,5,0.6,0.6,0.6,0.6,0.6,0.6,0.6,0.6,0.6,0.6
D-9,SMAP,5,1.0,1.0,0.0,0.0,1.0,0.924,0.923,0.0,0.0,0.923
F-2,SMAP,97,1.0,1.0,0.993,1.0,1.0,0.392,0.399,0.695,0.329,0.154
G-4,SMAP,5,0.646,0.411,0.411,0.249,0.247,0.646,0.411,0.411,0.249,0.247
T-3,SMAP,98,0.872,0.876,0.872,0.872,0.872,0.872,0.874,0.872,0.872,0.872
D-11,SMAP,5,0.917,0.924,0.713,0.693,0.689,0.848,0.846,0.713,0.693,0.689
D-12,SMAP,5,1.0,1.0,0.0,0.0,0.0,0.981,0.857,0.0,0.0,0.0
B-1,SMAP,5,0.046,0.046,0.0,0.0,0.194,0.046,0.046,0.0,0.0,0.041
G-6,SMAP,5,0.995,1.0,0.94,0.922,0.922,0.97,0.753,0.94,0.922,0.922
G-7,SMAP,620,0.94,0.927,0.927,0.727,0.861,0.886,0.879,0.879,0.727,0.61
P-7,SMAP,5,1.0,0.703,0.604,0.62,0.587,0.626,0.671,0.576,0.61,0.559
R-1,SMAP,5,0.81,0.81,0.81,0.81,0.81,0.81,0.81,0.81,0.81,0.81
A-5,SMAP,18,0.829,0.05,0.05,0.05,0.05,0.703,0.05,0.05,0.05,0.05
A-6,SMAP,5,0.804,0.804,0.536,0.48,0.461,0.804,0.804,0.536,0.48,0.461
A-7,SMAP,16,0.737,0.716,0.0,0.0,0.772,0.029,0.063,0.0,0.0,0.003
D-13,SMAP,5,0.117,0.117,0.0,0.0,0.0,0.117,0.105,0.0,0.0,0.0
A-8,SMAP,5,0.0,0.0,0.0,0.0,0.0,0.0,0.0,0.0,0.0,0.0
A-9,SMAP,5,0.0,0.0,0.0,0.0,0.0,0.0,0.0,0.0,0.0,0.0
F-3,SMAP,5,0.0,0.0,0.0,0.0,0.0,0.0,0.0,0.0,0.0,0.0
M-6,MSL,5,0.953,0.854,0.85,0.85,0.85,0.95,0.854,0.85,0.85,0.85
M-1,MSL,5,0.882,0.862,0.0,0.976,0.95,0.003,0.003,0.0,0.937,0.911
M-2,MSL,5,1.0,1.0,0.0,0.981,0.997,0.989,0.572,0.0,0.981,0.332
S-2,MSL,5,0.172,0.172,0.172,0.167,0.167,0.172,0.172,0.172,0.167,0.167
P-10,MSL,1397,0.787,0.157,0.157,0.157,0.157,0.281,0.157,0.157,0.157,0.157
T-4,MSL,5,0.303,0.246,0.0,0.109,0.216,0.303,0.246,0.0,0.109,0.216
T-5,MSL,5,0.369,0.369,0.366,0.349,0.349,0.369,0.369,0.366,0.349,0.349
F-7,MSL,315,0.603,0.576,0.0,0.0,0.659,0.266,0.259,0.0,0.0,0.166
M-3,MSL,5,0.424,0.0,0.0,0.623,0.717,0.218,0.0,0.0,0.346,0.2
M-4,MSL,5,0.802,0.801,0.0,0.734,0.945,0.166,0.166,0.0,0.15,0.182
M-5,MSL,5,0.442,0.0,0.0,0.838,0.777,0.107,0.0,0.0,0.329,0.292
P-15,MSL,5,0.331,0.065,0.057,0.054,0.054,0.331,0.065,0.057,0.054,0.054
C-1,MSL,5,0.875,0.869,0.761,0.703,0.75,0.789,0.802,0.283,0.421,0.386
C-2,MSL,5,0.849,0.849,0.0,0.0,0.495,0.766,0.689,0.0,0.0,0.495
T-12,MSL,5,1.0,1.0,0.0,0.718,0.4,0.759,0.746,0.0,0.718,0.331
T-13,MSL,5,0.0,0.0,0.0,0.0,0.0,0.0,0.0,0.0,0.0,0.0
F-4,MSL,5,0.385,0.385,0.0,0.262,0.224,0.126,0.126,0.0,0.262,0.184
F-5,MSL,5,1.0,1.0,0.974,0.86,0.91,0.595,0.582,0.763,0.86,0.575
D-14,MSL,5,0.95,0.95,0.0,0.0,0.919,0.94,0.92,0.0,0.0,0.289
T-9,MSL,7,0.839,0.466,0.439,0.57,0.752,0.796,0.466,0.439,0.57,0.397
P-14,MSL,1397,0.912,0.21,0.21,0.21,0.21,0.505,0.21,0.21,0.21,0.21
T-8,MSL,312,0.803,0.803,0.0,0.272,0.639,0.759,0.631,0.0,0.272,0.015
P-11,MSL,5,0.763,0.761,0.672,0.779,0.781,0.657,0.656,0.622,0.752,0.703
D-15,MSL,5,1.0,0.95,0.0,0.765,0.808,0.171,0.161,0.0,0.092,0.004
D-16,MSL,11,1.0,1.0,0.0,0.0,1.0,0.507,0.49,0.0,0.0,0.529
M-7,MSL,55,1.0,1.0,1.0,0.525,0.54,0.99,0.99,0.832,0.525,0.54
F-8,MSL,24,1.0,1.0,1.0,0.747,0.912,0.228,0.201,0.201,0.338,0.066
