drift_type,magnitude,raw_cuc_det,raw_FP,robust_cuc_det,robust_FP,n_cucs
gain (dB),0,1,0,1,0,1
gain (dB),0.1,1,0,1,0,1
gain (dB),0.2,1,0,1,0,1
gain (dB),0.5,1,0,1,0,1
gain (dB),1.0,1,0,1,0,1
gain (dB),2.0,1,0,1,0,1
gain (dB),4.0,1,0,1,0,1
tilt (dB),0,1,0,1,0,1
tilt (dB),0.2,1,0,1,0,1
tilt (dB),0.5,0,0,1,0,1
tilt (dB),1.0,0,0,1,0,1
tilt (dB),2.0,0,0,1,0,1
tilt (dB),4.0,0,0,1,3,1
tilt (dB),6.0,0,0,1,0,1
freq (kHz),0,1,0,1,0,1
freq (kHz),1,1,0,1,0,1
freq (kHz),2,1,9,1,0,1
freq (kHz),3,1,7,1,0,1
freq (kHz),5,1,7,1,0,1
freq (kHz),10,1,7,1,0,1
freq (kHz),20,1,7,1,0,1
freq (kHz),50,1,7,1,0,1
