experiment,true_fc_mhz,power_db,bw_mhz,detected,bump_freq_mhz,loc_err_mhz
E01_baseline,16.000,-13.0,0.405,1,16.015,0.015
E01_baseline,6.500,-15.0,0.338,1,6.414,0.086
E02_dense_narrowband,1.000,-13.0,0.270,0,,
E03_sparse_wideband,13.500,-12.0,0.540,1,13.476,0.024
E04_uniform_control,2.000,-13.0,0.405,0,,
E05_extreme_power_spread,13.000,-14.0,0.473,1,12.929,0.071
E06_deep_cuc,0.000,-19.0,0.405,0,,
E07_wide_cuc,5.000,-12.0,0.945,0,,
E08_multi_cuc,-8.000,-14.0,0.405,1,-8.084,0.084
E08_multi_cuc,4.000,-13.0,0.338,1,3.919,0.081
E08_multi_cuc,14.000,-15.0,0.405,0,,
E09_strong_tilt_offset,6.500,-15.0,0.338,1,6.458,0.042
