experiment,N_frames,snapshot_detect_all,snapshot_cuc_hits,baseline_detect_all,baseline_cuc_hits,baseline_false_pos,baseline_residual_snr
E04_uniform_control,1,0,0,0,0,0,0.00
E04_uniform_control,2,1,1,1,1,17,-4.22
E04_uniform_control,4,0,0,1,1,11,-5.16
E04_uniform_control,8,1,1,1,1,43,-0.86
E04_uniform_control,16,1,1,1,1,30,0.24
E04_uniform_control,32,0,0,1,1,22,9.16
E04_uniform_control,64,0,0,1,1,11,14.42
E04_uniform_control,128,0,0,1,1,2,27.47
E04_uniform_control,256,1,1,1,1,5,11.48
E04_uniform_control,512,1,1,1,1,0,29.05
E04_uniform_control,1024,1,1,1,1,0,46.66
E04_uniform_control,2048,1,1,1,1,0,61.66
E04_uniform_control,4096,1,1,1,1,0,94.66
E02_dense_narrowband,1,0,0,0,0,0,0.49
E02_dense_narrowband,2,0,0,0,0,0,0.76
E02_dense_narrowband,4,0,0,1,1,66,369.20
E02_dense_narrowband,8,0,0,1,1,55,244.71
E02_dense_narrowband,16,0,0,1,1,53,47.04
E02_dense_narrowband,32,1,1,1,1,44,1116.94
E02_dense_narrowband,64,0,0,1,1,31,2399.71
E02_dense_narrowband,128,0,0,1,1,3,4384.86
E02_dense_narrowband,256,0,0,1,1,0,10097.52
E02_dense_narrowband,512,0,0,1,1,0,8426.16
E02_dense_narrowband,1024,0,0,1,1,0,16106.88
E02_dense_narrowband,2048,0,0,1,1,0,8832.09
E02_dense_narrowband,4096,0,0,1,1,0,17927.36
E01_baseline,1,0,0,0,1,3,-3.44
E01_baseline,2,0,1,0,0,0,-2.54
E01_baseline,4,1,2,0,0,0,-1.21
E01_baseline,8,1,2,0,0,1,0.03
E01_baseline,16,1,2,0,0,0,2.02
E01_baseline,32,0,1,0,1,0,5.41
E01_baseline,64,1,2,0,1,0,11.36
E01_baseline,128,1,2,1,2,0,11.72
E01_baseline,256,1,2,1,2,0,17.70
E01_baseline,512,1,2,1,2,0,19.34
E01_baseline,1024,1,2,1,2,0,36.99
E01_baseline,2048,1,2,1,2,0,94.78
E01_baseline,4096,1,2,1,2,0,160.81
E10_clean_complex,1,0,0,0,0,0,0.00
E10_clean_complex,2,0,0,0,0,19,0.00
E10_clean_complex,4,0,0,0,0,15,0.00
E10_clean_complex,8,0,0,0,0,59,0.00
E10_clean_complex,16,0,0,0,0,52,0.00
E10_clean_complex,32,0,0,0,0,39,0.00
E10_clean_complex,64,0,0,0,0,24,0.00
E10_clean_complex,128,0,0,0,0,15,0.00
E10_clean_complex,256,0,0,0,0,9,0.00
E10_clean_complex,512,0,0,0,0,0,0.00
E10_clean_complex,1024,0,0,0,0,0,0.00
E10_clean_complex,2048,0,0,0,0,0,0.00
E10_clean_complex,4096,0,0,0,0,0,0.00
