experiment,preset,TP,FN,FP
E01_baseline,conservative,2,0,0
E02_dense_narrowband,conservative,0,1,0
E03_sparse_wideband,conservative,1,0,0
E04_uniform_control,conservative,0,1,0
E05_extreme_power_spread,conservative,1,0,0
E06_deep_cuc,conservative,0,1,0
E07_wide_cuc,conservative,0,1,0
E08_multi_cuc,conservative,2,1,0
E09_strong_tilt_offset,conservative,1,0,0
E10_clean_complex,conservative,0,0,0
E01_baseline,balanced,2,0,0
E02_dense_narrowband,balanced,0,1,0
E03_sparse_wideband,balanced,1,0,0
E04_uniform_control,balanced,0,1,0
E05_extreme_power_spread,balanced,1,0,0
E06_deep_cuc,balanced,0,1,0
E07_wide_cuc,balanced,0,1,0
E08_multi_cuc,balanced,3,0,0
E09_strong_tilt_offset,balanced,1,0,0
E10_clean_complex,balanced,0,0,1
E01_baseline,high,2,0,0
E02_dense_narrowband,high,0,1,0
E03_sparse_wideband,high,1,0,0
E04_uniform_control,high,1,0,0
E05_extreme_power_spread,high,1,0,0
E06_deep_cuc,high,1,0,0
E07_wide_cuc,high,0,1,0
E08_multi_cuc,high,3,0,0
E09_strong_tilt_offset,high,1,0,0
E10_clean_complex,high,0,0,1
