experiment,n_gt_carriers,n_segments,carriers_covered,coverage_pct,n_cucs,cuc_TP,cuc_FN,cuc_FP,recall_pct,precision_pct,f1,mean_loc_err_mhz
E01_baseline,14,12,14,100.00,2,2,0,0,100.00,100.00,1.00,0.05
E02_dense_narrowband,16,16,16,100.00,1,0,1,0,0.00,,,
E03_sparse_wideband,4,4,4,100.00,1,1,0,0,100.00,100.00,1.00,0.02
E04_uniform_control,8,8,8,100.00,1,0,1,0,0.00,,,
E05_extreme_power_spread,7,7,7,100.00,1,1,0,0,100.00,100.00,1.00,0.07
E06_deep_cuc,3,3,3,100.00,1,0,1,0,0.00,,,
E07_wide_cuc,5,5,5,100.00,1,0,1,0,0.00,,,
E08_multi_cuc,6,6,6,100.00,3,2,1,0,66.67,100.00,0.80,0.08
E09_strong_tilt_offset,14,12,14,100.00,1,1,0,0,100.00,100.00,1.00,0.04
E10_clean_complex,14,12,14,100.00,0,0,0,0,,,,
