experiment,true_fc_mhz,power_db,bw_mhz,detected,det_freq_mhz,loc_err_mhz
E01_baseline,16.000,-13.0,0.405,1,16.010,0.010
E01_baseline,6.500,-15.0,0.3375,1,6.517,0.017
E02_dense_narrowband,1.000,-13.0,0.27,1,1.043,0.043
E03_sparse_wideband,13.500,-12.0,0.54,1,13.529,0.029
E04_uniform_control,2.000,-13.0,0.405,1,2.019,0.019
E05_extreme_power_spread,13.000,-14.0,0.47250000000000003,1,13.012,0.012
E06_deep_cuc,0.000,-19.0,0.405,1,-0.002,0.002
E07_wide_cuc,5.000,-12.0,0.9450000000000001,1,4.959,0.041
E08_multi_cuc,-8.000,-14.0,0.405,1,-7.992,0.008
E08_multi_cuc,4.000,-13.0,0.3375,1,4.017,0.017
E08_multi_cuc,14.000,-15.0,0.405,1,14.013,0.013
E09_strong_tilt_offset,6.500,-15.0,0.3375,1,6.566,0.066
