fc_mhz,bw_mhz,start_mhz,end_mhz,variance,flagged,bump_freq_mhz,classification,nearest_truth_fc_mhz,nearest_truth_is_cuc
-16.101,0.855,-16.528,-15.673,0.711,0,,authorized,-16.000,0
-13.608,0.889,-14.052,-13.163,1.215,0,,authorized,-13.500,0
-11.105,0.884,-11.547,-10.663,1.007,0,,authorized,-11.000,0
-8.607,0.889,-9.051,-8.163,1.138,0,,authorized,-8.500,0
-6.134,0.894,-6.580,-5.687,2.693,0,,authorized,-6.000,0
-3.614,0.903,-4.065,-3.162,1.890,0,,authorized,-3.500,0
-1.121,0.889,-1.565,-0.676,1.774,0,,authorized,-1.000,0
1.392,0.894,0.945,1.839,1.422,0,,authorized,1.500,0
5.601,4.302,3.450,7.752,7.064,0,,authorized,6.000,0
8.895,0.889,8.451,9.340,1.156,0,,authorized,9.000,0
11.388,0.855,10.961,11.815,1.037,0,,authorized,11.500,0
13.908,0.864,13.476,14.340,0.705,0,,authorized,14.000,0
